16014,ADAPT STOPCOCK 3WAY

912321,ADAPT TUOHY BORST 6FR

125549,ADHE SKIN PRINEO DERMABOND SZ22

34379,AIRWAY ADULT LG SZ10

34378,AIRWAY ADULT MED SZ9

34377,AIRWAY ADULT SM SZ8

37586,AIRWAY BERMAN PED SM SZ6

43296,AIRWAY BERMAN PED SZ7

41560,AIRWAY INTUBATING SZ10

80927,AIRWAY LMA CURV DISP SZ2

82551,AIRWAY LMA SZ3 UNIQUE

83218,AIRWAY LMA SZ4 UNIQUE

83219,AIRWAY LMA SZ5 UNIQUE

34626,AIRWAY NASO PHARYN STRL 28FR

34627,AIRWAY NASO PHARYN STRL 30FR

34628,AIRWAY NASO PHARYN STRL 32FR

134323,ALLGRFT ACHILLES TEN W BONE NI

131558,ALLGRFT PATL PRESHAPE SZ10

93660,ALLGRFT SURG RECTANG 16X20

136047,ALLGRFT TEN GRACILIS EBEAM

134321,ALLGRFT TEN TIB ANT NI

120244,ANCHOR 2 STRAND FORCEFIBER2 SZ2.3

122478,ANCHOR BR W NDL SZ6.5 HEALIX

83322,ANCHOR SUT 3.5X19.5 BIO-PUSHLK

79563,ANTENNA PAT INTERSTIM SLIM

81797,APP ENDO FOR FLOSEAL

63516,BAG RESUS SZADULT SUREGRIP

129635,BALLOON DILATION URET 6X10

907234,BANDAGE ELASTIC LF 6X5.5 EZEBAND

58924,BIT DRILL CANN ENDO SZ4.5

96827,BLADE CUTTING DEBAKEY SZ10 BEAVER

39519,BLADE ELTRDE SZ6.5

122599,BLADE HIP CURV

13048,BLADE SAW GIGLI SZ20 BIOMET

47109,BLOCKER ENDOBRON 7FRX65

130448,BURR SIDE CUTTING MED SZ2.3

37886,CABLE GRIP MED SZ2

121559,CANN RETRO MANUAL INFLATE SZ15

12375,CANNULA NASAL O2 SPLIT

910241,CANNULA SAMPLING SOFT PLUS CO2 O2

61843,CANNULA THRD LF SEAL BLU 5X76

58909,CANNULA VENOUS MALLEABLE SZ28

91629,CATH ACCESS URETERAL DUAL AQ SZ6

128753,CATH BALLOON NEPHROSTOMY 10X15

913986,CATH CONE TIP W OPEN END 4.8X70

10875,CATH DUAL DRAINAGE RETURN 40FR

11665,CATH FOLEY 6EYE SZ5 18FR BARDEX

81495,CATH ILLUMINATE SZ80 5FR

49981,CATH IV 14GAX1.75 ANGIOCATH AG

49979,CATH IV 22GAX1 ANGIOCATH AG

49973,CATH IV WINGED 18GAX1.16 INSYTE

49974,CATH IV WINGED 20GAX1.16 INSYTE

49972,CATH IV WINGED 24GAX0.75 INSYTE

43009,CATH MALECOT STRT 4WING 18FR

39050,CATH RENAL ACCESS SZ6.5 6FR COBRA

96570,CATH TURBOHAWK TH-LX-M

92819,CATH TURBOHAWK THS-LS-C

93430,CATH TURBOHAWK THS-LX-C

34894,CATH URET POLLOCK OPEN END 5FR

28023,CIRCUIT PED BREATHING W CUFF

59531,COBLATOR 2 W INTGRTED CABLE

37881,CONNCTR SIDE ARM

74330,COSEAL SZ4

906098,CUFF BP DISP ADULT FLEXIPORT

910678,CUFF BP DISP ADULT GE

906096,CUFF BP DISP ADULT LG FLEXIPORT

910443,CUFF BP DISP ADULT LG GE

906095,CUFF BP DISP ADULT LNG FLEXIPORT

910677,CUFF BP DISP ADULT SM GE

906097,CUFF BP DISP CHILD SM FLEXIPORT

910676,CUFF BP DISP CHILD SM GE

906099,CUFF BP DISP SM ADULT FLEXIPORT

910675,CUFF BP DISP SOFT ADULT LNG GE

910681,CUFF BP THIGH GE

56261,DEVICE ABLATION CARDIOBLATE BP2

72757,DEVICE FIX STRL SGL USE SZ25

132895,DEVICE FIX SUT DIGITEX

64352,DEVICE MUCOSAL ATOMIZAITON 700

129321,DILATOR BALLOON PYL12-13.5-15X180

12556,DRAIN CBCII CONAVAC

89741,DRAPE MINI C-ARM GE6600

137445,ELTRDE BUTTON ESG

63838,ELTRDE SNAP IN LIGASURE XTD

71168,ENDOBUTTON CONTINUOUS LOOP SZ15

88518,ENDOBUTTON CONTINUOUS LOOP SZ20

72750,ENDOBUTTON CONTINUOUS LOOP SZ30

71165,ENDOBUTTON CONTINUOUS LOOP SZ55

71167,ENDOBUTTON CONTINUOUS LOOP SZ60

129631,EXTRACTOR HELICAL CAPTURA 3X115

112279,EXTRACTOR STONE 1.7FR 8X115

52035,EXTRACTOR STONE 3FRX115

128620,EXTRACTOR STONE TIPLESS 2.4X115X1

114990,FIBER LASER HOLM MICRON 200 SF

114991,FIBER LASER HOLM MICRON 365 SF

72752,FIBER LASER REUS HOLM 1000

11301,FIBER LASER REUS HOLM MICRON 550

81403,FORCEP DISSECTING SZ33

121264,FORCEP GRASPING 2.5X115

20034,FORCEP GRASPING COAXIAL SHEATH

136206,FORCEP GRASPING TRICEP 3X90

76030,GENERATOR VNS 102

78882,GLOVE RADIATION ATTENUATING SZ8.5

47111,GRAFT DERMAL 4X7 ALLODERM

120102,GRAFT DERMAL CONTOUR MED ALLODERM

62543,GRAFT DERMAL MED 3X7 ALLODERM

116200,GRAFT ULTRA THICK 8X20 ALLODERM

75836,GUIDEWIRE FIXED CORE .035X145

130842,GUIDEWIRE NITINOL ANGTIP035X150

134036,GUIDEWIRE NITINOL FLEX .035X150

128649,GUIDEWIRE NITINOL STDSTRT 035X150

128617,GUIDEWIRE NITINOL STDSTRT 038X150

12378,GUIDEWIRE SPRING 0.46X25

129625,GUIDEWIRE XSTIFF 5FLEX .038X145

71551,INTRO TRACH TUBE15FR BOUGIES

115409,KIT ARTERIAL CUSTOM 20GA

47265,KIT BONE GRAFT LUM SZLG2 INFUSE

76021,KIT BONE GRAFT LUM SZSM INFUSE

135212,KIT CATH ECHOGENIC 18X2 ECATH

135806,KIT CATH ECHOGENIC 18X3.25 ECATH

92019,KIT CATH EPIDURAL SAFETY

12377,KIT CATH INTRO RAULSEN SYR 8.5FR

39592,KIT HARVESTER OATS SZ9-10

95130,KIT INTRO SHEATH 8.5FR

91713,KIT NERVE BLOCK SAFETY 19X8

901634,KIT SAMPLING BLD 23X1

94374,KIT STIMULATING NERVE BLOCK

119343,KIT THERA COLD COMBO SHOULDER XLG

96229,LEAD THERAPY SGL PIN SZ2 304 VNS

14960,LINE SAMPLING MALE MALE LUER 10

129628,LOOP CUTTING STRT 27X.014

914503,MANIFOLD 1 PORT NEPTUNE 2

12621,MASK 02 MED CONCNTRTION ELONG ADU

12488,MASK FACE BUBBLE GUM CHILD SZ4

12487,MASK FACE STRAWBERRY SZ3

18328,MESH 6X6 PROLENE

132893,MESH PROLAPSE POST RESTORELLE

12494,NDL ANES BLOCK 22X1.5

914862,NDL BLOCK TUOHY TIP 18X2

914863,NDL BLOCK TUOHY TIP 18X4

36419,NDL INSULATED W EXT SET 22X2

69008,NDL INSULATED W EXTN SET 21X4

92325,NDL NERVE BLOCK SZ8

70576,NDL SAFETY HUBER 20X1 SZ10

71890,NDL SPINAL FORAMEN 5X20

36426,NDL SPINE 20X3.5 BECTON

36428,NDL SPINE 22X3.5 BECTON

78533,NDL SPINE PENCIL PNT 25X5

42842,NDL SPINE TUOHY 18X6

68866,NDL SPINE TUOHY 20X6

15367,PAD SELF ADH FOAM HI 7.875X11.75

21856,PATCH CARDIOVASC OVAL 20X9

10989,PATCH OVERLAY EXTND DIAMOND SZLG

34634,PATTIE NEURO 1X1 CODMAN

61223,PLATE COMPR BROAD SS SZ10

23426,PLATE COMPR BROAD SS SZ6.5

23425,PLATE COMPR BROAD SS SZ8

91475,POSITIONER HEAD SZADULT

34399,PREP SZ4 ACU DYNE

90351,PROBE PNEUMATIC LITHO DISP SZ2

81615,PROGRAMMER PAT INTERSTIM ICON

71694,PROTECTOR NERVE ULNAR VM9500

97486,PUMP CPNB ON Q DBL

13585,PUNCH AORTIC SZ4

10718,PUNCH AORTIC SZ4.4

35172,PUNCH VASC DISP SZ4.4

131461,PUTTY DBM SZ0.5 OSTEOSELECT

86818,PUTTY PROGENIX DBM SZ1

11629,RASP HELIOCOIDAL SZMED 3.2

61540,SCALPEL HARMONIC CURV SZ5

63661,SCREW INTRF BIOABSORB CANN 10X35

63660,SCREW INTRF BIOABSORB CANN 11X35

85446,SCREW INTRF BIOABSORB CANN 12X35

85215,SCREW INTRF BIOABSORB CANN 9X35

32508,SCREW INTRF CANN 7X25

32509,SCREW INTRF CANN 7X30

41088,SCREW INTRF CANN 8X20

21605,SCREW INTRF CANN 8X25

21604,SCREW INTRF CANN 8X30

21848,SCREW INTRF CANN W SHEATH 8X20

51578,SCREW TPR 6-8X30 INTRAFIX

74673,SCREW TPR 7-9X30 INTRAFIX

53612,SCREW TPR 8-10X30 INTRAFIX

135077,SEALANT HEMO SZ10 FLOSEAL FSP

135076,SEALANT HEMO SZ5 FLOSEAL FSP

50802,SENSOR BIS QUATRO

12489,SENSOR SKIN TEMP W THERMISTOR

11058,SET BLD Y TYPE GRAVITY

80954,SET BLD Y TYPE W BLD FLTR LG DUPL

70463,SET CABLE SLEEVE SZ1.6

18075,SET CABLE SLEEVE SZ2

13415,SET CARDIOPLEGIA W Y ADAPT

97392,SET EPIDURAL CONTINUOUS 17GAX3.5

29981,SET EPIDURAL CONTINUOUS 18GAX3.5

97391,SET EPIDURAL CONTINUOUS 20GAX39

912106,SET EXTN IV CLEARLINK

36565,SET EXTN W MALE LL SZ30

17659,SET MICROBORE TUBING

27703,SET MONITOR PRESS QUICK STICK

11056,SET PUMP CO-FLO MINI DRIP 106

83599,SET RAD ARTERY CATH SZ20

35141,SET RENAL DIL AMPLATZ 6-30SZ16

18147,SET STENT URET LT 7FRX75

129390,SET STENT URETERAL SZ7.2FRX90

88623,SHEARS HARMONIC CURV ERGON SZ23

74674,SHEATH SZ30

132330,SHEATH URET 12FR SZ28 FLEXOR

127039,SHEATH URET 12FR SZ35 FLEXOR

127038,SHEATH URET ACCESS 45 FLEXOR

114428,SHUNT PROGRAMMABLE STRATA II

904377,SOLN D5 0.45 PER NACL INJ SZ1000

904164,SOLN LR INJ SZ1000

904381,SOLN NACL 0.9 INJ SZ1000

906241,SOLN NACL 0.9 INJ SZ250

904380,SOLN NACL 0.9 PER INJ USP SZ500

12409,SPECIMEN TRAP NO SIFFNER

32760,SPLINT PLASTER EXTRA FAST 3X15

32762,SPLINT PLASTER EXTRA FAST 5X30

903827,SPONGE AMD 12 PLY STRL 4X4

40365,STAPLE RELOAD BLU CUTTER ETS35

71559,STAPLE RELOAD GRN SZ60 ECHELON

34652,STAPLER LINEAR RELOADABLE SZ90

81004,STAPLER SKIN DISP VISTA

51253,STENT URETERAL 6FR SZ22-32 OPTIMA

128761,STENT URETERAL FIRM 5X22-32

128650,STENT URETERAL FIRM 5X26 UNIVERSA

128778,STENT URETERAL FIRM 5X28 UNIVERSA

128673,STENT URETERAL FIRM 6X22 UNIVERSA

126391,STENT URETERAL FIRM 6X22-32

128780,STENT URETERAL FIRM 6X24 UNIVERSA

128781,STENT URETERAL FIRM 6X28 UNIVERSA

128782,STENT URETERAL FIRM 7X22-32

128783,STENT URETERAL FIRM 8X22-32

128621,STENT URETERAL FIRM MONO 6X26

131402,STENT VASC 6X100X125 ZILVER PTXTW

131401,STENT VASC 6X120X125 ZILVER PTXTW

131404,STENT VASC 6X60X125 ZILVER PTX TW

131403,STENT VASC 6X80X125 ZILVER PTX TW

131400,STENT VASC 7X60X125 ZILVER PTXTW

71733,STETHOSPE ESOPH SFT TUBE 18FR

37784,STYLET INTUBATING 14FR NELLCOR

17705,SUPPORT WRIST IV SZPED 5.5X2X9

55887,SUT CAPIO POLYPRO 0X36 TC 833-124

43495,SUT CHROMIC 0X27 BP-1 47T

18546,SUT ETHIBOND 2-0X18 MO-7 CX42D

18503,SUT ETHILON 4-0X18 P-3 699H

36510,SUT ETHILON 6-0X18 PC-1 1856G

10103,SUT ETHILON 7-0X18 P-6 1647G

56134,SUT KIT CARDIAC E PACK MMC

18254,SUT MONOCRYL 4-0X18 PS-2 Y496G

912260,SUT MONOCRYL 4-0X27 RB-1 Y304H

910549,SUT PDO 0 14X14 CP2 STRATA

55278,SUT PDS II 2-0X27 FS-1 Z443H

18312,SUT PDS II 2-0X27 STP-10 Z997G

43928,SUT PROLENE 7-0X24 BV175-8 M8745

10290,SUT VICRYL 0X18 OS-6 J711T

18394,SUT VICRYL 2-0X27 CT-1 J339H

18485,SUT VICRYL 3-0X18 SH J774D

18389,SUT VICRYL 3-0X27 CT-2 J332H

26099,SUT VICRYL 4-0X18 PS-2 J496G

15849,SYR EAR STRL DISP SZ10

11479,SYS GEN ANES CIRCUIT LIMBO 72 DUP

134463,SYS HARVESTING VESSEL VENAPAX

91153,SYS MENISCAL REPAIR CINCH

903886,TOWEL OR XRAY DETECTABLE GRN 2PK

135890,TRAY NERVE BLOCK CONTINUOUS BASIC

915055,TRAY SPINAL ANES 25GA

84096,TRAY SPINAL SAFETY ENGINEERED

15301,TUBE ENDOBRON LT 35FR

15302,TUBE ENDOBRON LT 37FR

34975,TUBE ET CUFF CLOSE FIT SZ5 DUP

33330,TUBE ET CUFF CLOSE FIT SZ5.5

12326,TUBE ET CUFF CLOSE FIT SZ6

12328,TUBE ET CUFF CLOSE FIT SZ8.5

15295,TUBE ET CUFF CLOSE FIT SZ9.5

32248,TUBE ET CUFF SZ4.5 LASER-FLEX

34988,TUBE ET CUFF SZ6 LASER-FLEX

915078,TUBE ET CUFFED FLEXICARE SZ2.5

131640,TUBE ET EMG SZ8 COBRA

90789,TUBE ET EVAC SZ7 SEALGUARD

90790,TUBE ET EVAC SZ7.5 SEALGUARD

90791,TUBE ET EVAC SZ8 SEALGUARD

92669,TUBE ET EVAC SZ9 SEALGUARD

42599,TUBE ET HI LO CUFFED SZ3

903996,TUBE ET HI LO CUFFED SZ3.5

42600,TUBE ET HI LO CUFFED SZ4

75951,TUBE ET HI LO CUFFED SZ4.5

69385,TUBE ET HI LO CUFFED SZ5

74744,TUBE ET HI LO CUFFED SZ5.5

911843,TUBE ET HI LO CUFFED SZ6

15232,TUBE ET HI VOLUME TAPERED SZ7

12329,TUBE ET HI VOLUME TAPERED SZ8

35001,TUBE ET NASAL CUFF SZ6 RAE

42448,TUBE ET NASAL CUFF SZ6.5 PREFM

35002,TUBE ET NASAL CUFF SZ7 RAE

12353,TUBE ET NASAL CUFF SZ7.5 PREFM

15316,TUBE ET NASAL UNCUFF SZ5 RAE

15317,TUBE ET NASAL UNCUFF SZ5.5 RAE

15308,TUBE ET ORAL CUFF SZ4 RAE

15309,TUBE ET ORAL CUFF SZ4.5 PREFM

15310,TUBE ET ORAL CUFF SZ5 PREFM

15311,TUBE ET ORAL CUFF SZ5.5 PREFM

15274,TUBE ET ORAL CUFF SZ6 PREFM

15275,TUBE ET ORAL CUFF SZ6.5 RAE DUP

73033,TUBE ET ORAL CUFF SZ7 RAE DUP

15312,TUBE ET ORAL CUFF SZ7.5 PREFM

15314,TUBE ET ORAL CUFF SZ8 PREFM

912720,TUBE ET RAE NASAL CUFF SZ3.5

910293,TUBE ET RAE NASAL CUFF SZ4

910294,TUBE ET RAE NASAL CUFF SZ4.5

910295,TUBE ET RAE NASAL CUFF SZ5

910296,TUBE ET RAE NASAL CUFF SZ5.5

914703,TUBE ET RAE ORAL CUFF SZ3.5

15287,TUBE ET REINF NASAL CUFF SZ7.5

15288,TUBE ET REINF NASAL CUFF SZ8

15289,TUBE ET REINF NASAL CUFF SZ8.5

15285,TUBE ET REINF ORAL CUFF SZ6.5

15286,TUBE ET REINF ORAL CUFF SZ7

15290,TUBE ET SZ4 LO-PRO

15292,TUBE ET SZ4.5 LO-PRO

15217,TUBE ET SZ6 HI-LO

14898,TUBE ET SZ6.5 HI-LO

34968,TUBE ET SZ7.5 HVT

33877,TUBE ET SZ9 HVT

60389,TUBE GASTRO 28FR MAGNAPORT FLEX

10770,TUBE GASTRO W ENFIT 20FR

33323,TUBING O2 SUPPLY

76043,TUNNELER VNS 402

74517,VALVE AORTIC SUPRA-ANNULAR SZ19

74518,VALVE AORTIC SUPRA-ANNULAR SZ21

61543,VALVE AORTIC SUPRA-ANNULAR SZ23

74519,VALVE AORTIC SUPRA-ANNULAR SZ25

132905,VALVE AORTIC SUPRA-ANNULAR SZ27

49391,WRAP ARM TRACTION STRAP SZLG
